{"cameraMode":{"drawMode":0,"name":"Shaded","section":"Shading Mode"},"sceneLighting":true,"audioPlay":false,"sceneViewState":{"showFog":true,"showMaterialUpdate":true,"showSkybox":true,"showFlares":true,"showImageEffects":true,"showParticleSystems":true},"in2DMode":false,"pivot":{"x":333.3130798339844,"y":253.3625030517578,"z":563.3663330078125},"rotation":{"x":-0.04079422727227211,"y":-0.017391430214047433,"z":0.000709785963408649,"w":-0.9990159869194031},"size":1187.6646728515625,"orthographic":false}